"Time","Multi run","secondYAxisValue",
1,0.0062665
2,0.0019658
3,0.0029729
4,0.0023704
5,0.0020372
6,0.0020501
7,0.002279
8,0.0020859
9,0.0019327
10,0.0020086