"Time","Single run","secondYAxisValue",
1,0.0400405
2,0.0401477
3,0.0402423
4,0.0401329
5,0.0401894
6,0.0401063
7,0.0413771
8,0.0405395
9,0.041427
10,0.0403284