"Time","Single run","secondYAxisValue",
1,0.0396633
2,0.04037
3,0.0398682
4,0.0406048
5,0.0396457
6,0.0407298
7,0.0396272
8,0.0397089
9,0.040039
10,0.0405481