"Time","Single run","secondYAxisValue",
1,0.0397693
2,0.0401677
3,0.0396123
4,0.0396539
5,0.0412936
6,0.0397381
7,0.0397735
8,0.0403193
9,0.0412161
10,0.0403358