"Time","Single run","secondYAxisValue",
1,0.0679133
2,0.0706009
3,0.0655297
4,0.0684355
5,0.0703021
6,0.0652199
7,0.0658291
8,0.0703824
9,0.0657182
10,0.0717708