"Time","Single run","secondYAxisValue",
1,0.0672652
2,0.067463
3,0.0645433
4,0.0649511
5,0.0678976
6,0.0648917
7,0.0693511
8,0.0732855
9,0.0661745
10,0.0674948