"Time","Multi run","secondYAxisValue",
1,0.0215702
2,0.0202896
3,0.021645
4,0.0202973
5,0.0206235
6,0.0203287
7,0.0216616
8,0.0208119
9,0.021228
10,0.0210052