"Time","Single run","secondYAxisValue",
1,0.0674471
2,0.0675799
3,0.0643241
4,0.0643819
5,0.0643284
6,0.0656131
7,0.0707852
8,0.0722591
9,0.0656957
10,0.06976