"Time","Multi run","secondYAxisValue",
1,0.008754
2,0.0097054
3,0.0089164
4,0.0074658
5,0.0092236
6,0.0070196
7,0.0089255
8,0.0070534
9,0.0089834
10,0.0084513