"Time","Single run","secondYAxisValue",
1,0.0731056
2,0.070047
3,0.0655555
4,0.0699071
5,0.0653448
6,0.0677646
7,0.0687993
8,0.0719983
9,0.0650837
10,0.0671284