"Time","Single run","secondYAxisValue",
1,0.0401914
2,0.0412077
3,0.0401189
4,0.0402102
5,0.0400772
6,0.0401472
7,0.0403472
8,0.0405827
9,0.0418765
10,0.0409854