"Time","Single run","secondYAxisValue",
1,0.0782501
2,0.0703783
3,0.0687396
4,0.0660757
5,0.0653077
6,0.0656754
7,0.0652092
8,0.0725709
9,0.0733528
10,0.0720191