"Time","Single run","secondYAxisValue",
1,0.0397293
2,0.039694
3,0.0397174
4,0.0396815
5,0.0397109
6,0.0397785
7,0.0417888
8,0.040588
9,0.041576
10,0.0406437