"Time","Multi run","secondYAxisValue",
1,0.0074718
2,0.0075953
3,0.0078989
4,0.0076911
5,0.0077548
6,0.0073798
7,0.0066325
8,0.0078073
9,0.0073635
10,0.0075046