"Time","Multi run","secondYAxisValue",
1,0.0076801
2,0.009568
3,0.0109347
4,0.009637
5,0.0082251
6,0.0087875
7,0.0086336
8,0.0069008
9,0.0082397
10,0.0070789