"Time","Single run","secondYAxisValue",
1,0.0400391
2,0.040052
3,0.0410374
4,0.0399955
5,0.0399995
6,0.0401004
7,0.040412
8,0.0407351
9,0.0401229
10,0.0404287