"Time","Multi run","secondYAxisValue",
1,0.007711
2,0.0074563
3,0.007605
4,0.0073732
5,0.0072988
6,0.0069526
7,0.0068832
8,0.007795
9,0.0076194
10,0.0074106