"Time","Single run","secondYAxisValue",
1,0.0399775
2,0.0399512
3,0.0401512
4,0.0404337
5,0.0402805
6,0.0401072
7,0.0403711
8,0.0404371
9,0.0403655
10,0.0403373