"Time","Multi run","secondYAxisValue",
1,0.020068
2,0.0199542
3,0.0205274
4,0.0211479
5,0.020694
6,0.0213825
7,0.0213155
8,0.0209177
9,0.0206447
10,0.0212548