"Time","Multi run","secondYAxisValue",
1,0.0293244
2,0.02698
3,0.0207174
4,0.0210638
5,0.0198269
6,0.0221928
7,0.0203531
8,0.0188426
9,0.0190736
10,0.0204587