"Time","Multi run","secondYAxisValue",
1,0.0521929
2,0.0478349
3,0.0444519
4,0.0433326
5,0.057457
6,0.048311
7,0.0412348
8,0.041555
9,0.0478545
10,0.0549563