"Time","Multi run","secondYAxisValue",
1,0.0108327
2,0.0113824
3,0.0108711
4,0.0107275
5,0.0111738
6,0.0114833
7,0.011031
8,0.0108337
9,0.0119059
10,0.011342