"Time","Single run","secondYAxisValue",
1,0.0421526
2,0.0410868
3,0.0400444
4,0.0401439
5,0.0400973
6,0.0400886
7,0.0400135
8,0.0401644
9,0.040193
10,0.0400044