"Time","Multi run","secondYAxisValue",
1,0.0352681
2,0.0276521
3,0.019124
4,0.0209644
5,0.0203363
6,0.016982
7,0.017604
8,0.0177653
9,0.0190154
10,0.0181648