"Time","Single run","secondYAxisValue",
1,0.0406378
2,0.0406541
3,0.0399712
4,0.0399721
5,0.0402256
6,0.04041
7,0.0400805
8,0.0409028
9,0.0410115
10,0.0399092