"Time","Multi run","secondYAxisValue",
1,0.0055792
2,0.0056563
3,0.0059586
4,0.0053853
5,0.0060692
6,0.0055797
7,0.0061664
8,0.0060007
9,0.0056118
10,0.0056147