"Time","Single run","secondYAxisValue",
1,0.0406757
2,0.0404455
3,0.0403517
4,0.0403082
5,0.0403076
6,0.0402799
7,0.0404574
8,0.0404062
9,0.0401779
10,0.0408405