"Time","Single run","secondYAxisValue",
1,0.0406094
2,0.0412248
3,0.0401783
4,0.0400692
5,0.0411027
6,0.040276
7,0.0399113
8,0.0403203
9,0.0413827
10,0.0410143