"Time","Single run","secondYAxisValue",
1,0.0734488
2,0.0663316
3,0.0645455
4,0.0690281
5,0.0700937
6,0.0651037
7,0.0652018
8,0.0677335
9,0.0649912
10,0.0684465