"Time","Multi run","secondYAxisValue",
1,0.0351042
2,0.0579701
3,0.0280356
4,0.0288381
5,0.0317281
6,0.026485
7,0.027787
8,0.0279007
9,0.0277378
10,0.0286795