"Time","Multi run","secondYAxisValue",
1,0.0404716
2,0.0408193
3,0.0405185
4,0.0406209
5,0.0400721
6,0.0400501
7,0.0403531
8,0.0410842
9,0.0421878
10,0.0402999