"Time","Single run","secondYAxisValue",
1,0.0693277
2,0.0674475
3,0.063745
4,0.0649332
5,0.069313
6,0.065702
7,0.0729269
8,0.07253
9,0.0710279
10,0.0694163