"Time","Multi run","secondYAxisValue",
1,0.0764409
2,0.0627456
3,0.0656444
4,0.0529874
5,0.0603816
6,0.057354
7,0.0428295
8,0.0431145
9,0.0444186
10,0.0477316