"Time","Multi run","secondYAxisValue",
1,0.0078986
2,0.0074323
3,0.0077451
4,0.007807
5,0.0070606
6,0.0076879
7,0.0075629
8,0.0076016
9,0.0075846
10,0.007728