"Time","Multi run","secondYAxisValue",
1,0.027644
2,0.0249968
3,0.0172843
4,0.0189457
5,0.0170282
6,0.0164491
7,0.0167694
8,0.0165661
9,0.0165826
10,0.0158821