"Time","Single run","secondYAxisValue",
1,0.0721334
2,0.0703093
3,0.0649055
4,0.0658952
5,0.0718066
6,0.0695495
7,0.0728431
8,0.0675718
9,0.065004
10,0.0656229