"Time","Single run","secondYAxisValue",
1,0.0397741
2,0.0407948
3,0.0409321
4,0.0396234
5,0.0409633
6,0.0396716
7,0.0412756
8,0.0397356
9,0.040175
10,0.0408339