"Time","Multi run","secondYAxisValue",
1,0.0089877
2,0.0079489
3,0.0082967
4,0.0085584
5,0.0087066
6,0.0082659
7,0.0089126
8,0.0092823
9,0.0077564
10,0.0087921