"Time","Multi run","secondYAxisValue",
1,0.0278188
2,0.02326
3,0.0166523
4,0.0171983
5,0.016582
6,0.0165319
7,0.0160171
8,0.0165142
9,0.0171333
10,0.0165105