"Time","Multi run","secondYAxisValue",
1,0.0121056
2,0.0129145
3,0.0105513
4,0.0108829
5,0.01197
6,0.0120426
7,0.0114982
8,0.0111124
9,0.0111183
10,0.0107619