"Time","Multi run","secondYAxisValue",
1,0.0260195
2,0.0239892
3,0.016806
4,0.0166699
5,0.0165079
6,0.016243
7,0.0162342
8,0.0144152
9,0.0142838
10,0.0148172