"Time","Multi run","secondYAxisValue",
1,0.0202545
2,0.0202045
3,0.0212184
4,0.0206512
5,0.0211869
6,0.0203052
7,0.0203054
8,0.020983
9,0.0208591
10,0.0205055