"Time","Multi run","secondYAxisValue",
1,0.0290834
2,0.0234321
3,0.0167566
4,0.0200475
5,0.0167845
6,0.0161333
7,0.0159187
8,0.0164227
9,0.0163941
10,0.0167164