"Time","Single run","secondYAxisValue",
1,0.0401628
2,0.0405756
3,0.0402389
4,0.0405621
5,0.0412911
6,0.0400481
7,0.0401774
8,0.0407819
9,0.0405468
10,0.0403604