"Time","Multi run","secondYAxisValue",
1,0.0092858
2,0.0093424
3,0.0060676
4,0.0061956
5,0.0067784
6,0.0063445
7,0.0064937
8,0.0097933
9,0.0091511
10,0.0068822