"Time","Single run","secondYAxisValue",
1,0.0740535
2,0.0716133
3,0.0649368
4,0.0673853
5,0.0671866
6,0.0679838
7,0.0646434
8,0.0669041
9,0.0712973
10,0.0763515