"Time","Multi run","secondYAxisValue",
1,0.0400542
2,0.0399145
3,0.0397235
4,0.0407771
5,0.0398101
6,0.0398093
7,0.0400149
8,0.0423369
9,0.0402558
10,0.0406611