"Time","Single run","secondYAxisValue",
1,0.0412169
2,0.0403853
3,0.0407581
4,0.0400321
5,0.0404939
6,0.0409837
7,0.0403965
8,0.0398501
9,0.0398975
10,0.039883