"Time","Single run","secondYAxisValue",
1,0.091728
2,0.0851936
3,0.0648608
4,0.0662331
5,0.0656241
6,0.0645165
7,0.0745595
8,0.0784854
9,0.0671759
10,0.0677958