"Time","Single run","secondYAxisValue",
1,0.0647301
2,0.0684168
3,0.0672674
4,0.0656959
5,0.0674187
6,0.0646313
7,0.0672046
8,0.0674366
9,0.0735559
10,0.0751527