"Time","Multi run","secondYAxisValue",
1,0.009112
2,0.0070219
3,0.0093209
4,0.00873
5,0.0072447
6,0.0091695
7,0.0070413
8,0.0094509
9,0.009571
10,0.0085405