"Time","Single run","secondYAxisValue",
1,0.0398739
2,0.0399113
3,0.0401076
4,0.0402953
5,0.0396657
6,0.040038
7,0.0409007
8,0.0399361
9,0.0398519
10,0.039818