"Time","Multi run","secondYAxisValue",
1,0.0076612
2,0.0082236
3,0.007823
4,0.0081129
5,0.0076482
6,0.0072708
7,0.0073006
8,0.0079621
9,0.0077909
10,0.0077726