"Time","Single run","secondYAxisValue",
1,0.0407487
2,0.0400408
3,0.0405447
4,0.0413176
5,0.0407416
6,0.0399903
7,0.0410862
8,0.0401398
9,0.0414004
10,0.0401904