"Time","Multi run","secondYAxisValue",
1,0.0284532
2,0.0253319
3,0.0197556
4,0.0236409
5,0.0197348
6,0.0197352
7,0.0190295
8,0.0195514
9,0.0197971
10,0.0193793