"Time","Single run","secondYAxisValue",
1,0.0674866
2,0.0656226
3,0.0648319
4,0.0675687
5,0.0735304
6,0.0672969
7,0.0671929
8,0.0678496
9,0.0716574
10,0.0658104