"Time","Single run","secondYAxisValue",
1,0.0399709
2,0.0398493
3,0.039815
4,0.0399771
5,0.0413785
6,0.0405314
7,0.0402783
8,0.0402618
9,0.0405036
10,0.0403378