"Time","Multi run","secondYAxisValue",
1,0.0062725
2,0.0092651
3,0.0084207
4,0.0096212
5,0.0098058
6,0.00955
7,0.0100237
8,0.0101204
9,0.0088253
10,0.0091115