"Time","Multi run","secondYAxisValue",
1,0.0076868
2,0.0086721
3,0.0076256
4,0.0083441
5,0.0078006
6,0.0082643
7,0.0084233
8,0.0084651
9,0.0086245
10,0.0085967