"Time","Multi run","secondYAxisValue",
1,0.0657434
2,0.0440438
3,0.0379529
4,0.0540617
5,0.0422817
6,0.0462344
7,0.0506849
8,0.05689
9,0.0435993
10,0.0518844