"Time","Single run","secondYAxisValue",
1,0.0674167
2,0.0698794
3,0.0691988
4,0.0710394
5,0.0750503
6,0.0687174
7,0.0660531
8,0.065868
9,0.0664802
10,0.0675805