"Time","Single run","secondYAxisValue",
1,0.0399757
2,0.0400566
3,0.0400177
4,0.0402942
5,0.0400907
6,0.0401888
7,0.0403178
8,0.040044
9,0.0414075
10,0.0403161