"Time","Single run","secondYAxisValue",
1,0.0708308
2,0.0705744
3,0.0677305
4,0.0691437
5,0.0681048
6,0.0693517
7,0.0726023
8,0.078164
9,0.0647858
10,0.0669527