"Time","Multi run","secondYAxisValue",
1,0.028623
2,0.0256332
3,0.0195255
4,0.025128
5,0.0227759
6,0.018592
7,0.019235
8,0.0195425
9,0.0195076
10,0.0194809