"Time","Single run","secondYAxisValue",
1,0.0408881
2,0.0407218
3,0.04139
4,0.0404624
5,0.0408374
6,0.0416469
7,0.0410589
8,0.040312
9,0.0407729
10,0.0412915