"Time","Multi run","secondYAxisValue",
1,0.0735097
2,0.0676885
3,0.0633021
4,0.0771852
5,0.0786029
6,0.0642344
7,0.0645271
8,0.0669863
9,0.0672594
10,0.0643967