"Time","Multi run","secondYAxisValue",
1,0.0548116
2,0.0559413
3,0.0516396
4,0.0536471
5,0.0544662
6,0.056186
7,0.0395326
8,0.0391534
9,0.0466258
10,0.0517987