"Time","Single run","secondYAxisValue",
1,0.0398648
2,0.0404654
3,0.0399138
4,0.0401083
5,0.0404455
6,0.0402076
7,0.0397512
8,0.0397755
9,0.0409178
10,0.0409046