"Time","Multi run","secondYAxisValue",
1,0.0640493
2,0.0629993
3,0.0549457
4,0.0480714
5,0.040363
6,0.0442628
7,0.0411553
8,0.0450626
9,0.0541082
10,0.0575297