"Time","Multi run","secondYAxisValue",
1,0.0400791
2,0.0417837
3,0.0408802
4,0.0398033
5,0.0399874
6,0.0403677
7,0.03991
8,0.0414582
9,0.04115
10,0.0410465