"Time","Multi run","secondYAxisValue",
1,0.0078897
2,0.0077624
3,0.0085615
4,0.0075969
5,0.0069644
6,0.006622
7,0.0072532
8,0.0078172
9,0.0076832
10,0.0076493