"Time","Single run","secondYAxisValue",
1,0.0401488
2,0.040109
3,0.0401293
4,0.0401295
5,0.0402079
6,0.0401982
7,0.040196
8,0.0401771
9,0.0407228
10,0.0402572