"Time","Single run","secondYAxisValue",
1,0.0398184
2,0.0401815
3,0.0413511
4,0.0404099
5,0.0397546
6,0.0409501
7,0.0404151
8,0.0413497
9,0.0421026
10,0.0419577