"Time","Single run","secondYAxisValue",
1,0.039873
2,0.040783
3,0.0397197
4,0.0411347
5,0.0397597
6,0.0397348
7,0.0404539
8,0.0398505
9,0.0398734
10,0.0403893