"Time","Single run","secondYAxisValue",
1,0.0408625
2,0.0411083
3,0.0404908
4,0.0408315
5,0.0406626
6,0.041469
7,0.0400354
8,0.0408014
9,0.0400123
10,0.0410708