"Time","Multi run","secondYAxisValue",
1,0.0213613
2,0.0207432
3,0.0212887
4,0.0213988
5,0.0205299
6,0.021232
7,0.0207253
8,0.0207687
9,0.0213267
10,0.0209516