"Time","Multi run","secondYAxisValue",
1,0.005836
2,0.005712
3,0.0056555
4,0.0060852
5,0.0058843
6,0.0059808
7,0.0058195
8,0.005541
9,0.0073254
10,0.0058662