"Time","Single run","secondYAxisValue",
1,0.0773505
2,0.0653942
3,0.0650675
4,0.0685178
5,0.0686016
6,0.0652246
7,0.0652423
8,0.0677867
9,0.0785782
10,0.0723889