"Time","Multi run","secondYAxisValue",
1,0.0106297
2,0.0119888
3,0.0115273
4,0.0108287
5,0.0115582
6,0.0109969
7,0.0113725
8,0.0109286
9,0.0104043
10,0.010978